id,account_action,user-id,tx_id,amount,timestamp
0,DEPOSIT,11,TX-#21040552870M72941111801,20,1628699006.421351
1,DEPOSIT,13,TX-#63952703884M66971492355,8862411,1628699006.440474
2,WITHDRAWAL,1,TX-#50714067912M59180809135,7175445,1628699006.452917
3,WITHDRAWAL,6,TX-#19976291174M62200644546,7494742,1628699006.464646
4,WITHDRAWAL,50,TX-#47516715521M86842952490,6671549,1628699006.47634
5,DEPOSIT,45,TX-#76368843248M4249686791,3078785,1628699006.488243
6,WITHDRAWAL,12,TX-#38169482811M26583106004,1742286,1628699006.500332
7,WITHDRAWAL,26,TX-#84560177682M9921835336,30,1628699006.511953
8,DEPOSIT,47,TX-#69883040928M38345526960,8214251,1628699006.523727
9,DEPOSIT,21,TX-#8982428629M75984359015,7961321,1628699006.535534
10,DEPOSIT,35,TX-#75358515711M83120505399,2833146,1628699006.547558
11,ERROR,1,TX-#73292865421M37616206673,7056383,1628699006.559325
12,DEPOSIT,6,TX-#40373495632M72790695503,3,1628699006.571041
13,WITHDRAWAL,17,TX-#82105997625M80227809759,838826,1628699006.582723
14,WITHDRAWAL,2,TX-#85143844766M85603778825,7120656,1628699006.59443
15,DEPOSIT,39,TX-#19336090352M20776723091,4308899,1628699006.606974
16,ERROR,14,TX-#3858207241M19076712734,6462642,1628699006.618825
17,DEPOSIT,36,TX-#27053583031M54803003761,5191854,1628699006.63042
18,DEPOSIT,14,TX-#5749032068M24456554499,8377872,1628699006.642384
19,DEPOSIT,1,TX-#33956455824M43147773900,6677644,1628699006.654102
20,DEPOSIT,49,TX-#82895852088M82318265845,855448,1628699006.6657
21,WITHDRAWAL,43,TX-#89362733244M17810186732,1696630,1628699006.678076
22,WITHDRAWAL,31,TX-#48400955860M76292992589,2418091,1628699006.689965
23,WITHDRAWAL,1,TX-#29055234506M75779661931,973048,1628699006.701838
24,DEPOSIT,37,TX-#74062021055M57744800442,8433515,1628699006.7137
25,DEPOSIT,14,TX-#5022333382M39273725778,5701041,1628699006.725629
26,WITHDRAWAL,8,TX-#10457995475M28934148978,5644130,1628699006.737425
27,WITHDRAWAL,4,TX-#41381980054M11133805433,5304412,1628699006.749526
28,WITHDRAWAL,43,TX-#24223784839M71977288242,7262402,1628699006.761303
29,DEPOSIT,39,TX-#25428584492M26107293245,4189331,1628699006.776831
30,WITHDRAWAL,44,TX-#76632921352M6654731805,5811125,1628699006.788893
31,DEPOSIT,11,TX-#22866655407M76892373725,6,1628699006.800652
32,WITHDRAWAL,7,TX-#29533281580M53705452124,6145816,1628699006.812462
33,WITHDRAWAL,29,TX-#61556384657M75242099404,1910127,1628699006.824431
34,DEPOSIT,29,TX-#19087831858M55380706988,0,1628699006.83635
35,DEPOSIT,35,TX-#29124169202M73408432043,2088098,1628699006.848098
36,DEPOSIT,31,TX-#5709970822M12346051330,-1,1628699006.859826
37,DEPOSIT,3,TX-#62930335150M20361069401,4438272,1628699006.871577
38,WITHDRAWAL,26,TX-#69664384910M13472337027,2967785,1628699006.883367
39,WITHDRAWAL,32,TX-#64084024304M85896604747,9605556,1628699006.895411
40,DEPOSIT,15,TX-#61704053863M11039026557,6930338,1628699006.9072
41,DEPOSIT,6,TX-#14242533842M5799246187,5598971,1628699006.9191
42,WITHDRAWAL,2,TX-#27108823908M84393205801,2209106,1628699006.930754
43,WITHDRAWAL,20,TX-#31570258024M4577654872,3792108,1628699006.943083
44,WITHDRAWAL,1,TX-#62503421091M4720596801,6225601,1628699006.955142
45,WITHDRAWAL,23,TX-#72807375661M41028456787,6403648,1628699006.966963
46,WITHDRAWAL,24,TX-#73009133973M35702101744,5004420,1628699006.978753
47,DEPOSIT,46,TX-#76695889446M58214050369,3577220,1628699006.990548
48,DEPOSIT,42,TX-#69607639612M2025930363,1819517,1628699007.002656
49,WITHDRAWAL,1,TX-#2566286086M23242846274,9588807,1628699007.014458
50,WITHDRAWAL,26,TX-#60395986768M18773090961,4610219,1628699007.026355
51,WITHDRAWAL,5,TX-#12760334167M21441612962,4801182,1628699007.038414
52,WITHDRAWAL,42,TX-#19591999010M29565203295,3613886,1628699007.050205
53,DEPOSIT,15,TX-#62170779451M83879456758,1782221,1628699007.062132
54,WITHDRAWAL,44,TX-#34237749636M13522569423,8749071,1628699007.073796
55,WITHDRAWAL,48,TX-#7180572100M43007304183,1752552,1628699007.08574
56,ERROR,2,TX-#87443420075M55530039493,5463132,1628699007.098797
57,WITHDRAWAL,20,TX-#33110975243M1733071190,3039746,1628699007.11136
58,DEPOSIT,1,TX-#3605321216M54631478388,911563,1628699007.123478
59,WITHDRAWAL,13,TX-#69177570867M50254592200,7837107,1628699007.135757
60,DEPOSIT,26,TX-#39890806196M52557163799,8906729,1628699007.147527
61,WITHDRAWAL,6,TX-#54214410204M19593242520,4000760,1628699007.159285
62,WITHDRAWAL,7,TX-#62351633412M44122021468,2074923,1628699007.170996
63,WITHDRAWAL,8,TX-#4316529539M8688812960,9303703,1628699007.182897
64,DEPOSIT,48,TX-#18405499551M29627433049,9481506,1628699007.194812
65,DEPOSIT,47,TX-#1994889801M41070843011,6587962,1628699007.20657
66,WITHDRAWAL,40,TX-#37536085755M23804145884,4183995,1628699007.218348
67,DEPOSIT,40,TX-#17247798056M6129648345,3165622,1628699007.23059
68,WITHDRAWAL,8,TX-#70272074636M87876721636,2045174,1628699007.243861
69,WITHDRAWAL,39,TX-#69572583493M485605072,3028399,1628699007.255723
70,WITHDRAWAL,33,TX-#72384852462M30026462495,6170731,1628699007.267605
71,WITHDRAWAL,22,TX-#15301772429M24238233778,2220473,1628699007.27932
72,WITHDRAWAL,38,TX-#8602546228M30278957071,4693843,1628699007.291307
73,DEPOSIT,17,TX-#16630474701M9096546120,3275669,1628699007.303081
74,DEPOSIT,4,TX-#170135893M27401284974,9956677,1628699007.315094
75,WITHDRAWAL,3,TX-#37125903866M55104510838,7486040,1628699007.326838
76,DEPOSIT,35,TX-#33928476909M34005841608,5103323,1628699007.338769
77,WITHDRAWAL,14,TX-#86529491816M55272838232,7096550,1628699007.350826
78,DEPOSIT,21,ok-#69620175938M88634010250,7205936,1628699007.364391
79,WITHDRAWAL,42,TX-#1520443976M48180058900,7519433,1628699007.376511
80,DEPOSIT,35,TX-#55882423043M70852916052,6644949,1628699007.388353
81,DEPOSIT,50,8-#84738848935M44490283170,5642804,1628699007.400371
82,DEPOSIT,50,TX-#8548101194M15743145489,9995799,1628699007.412201
83,WITHDRAWAL,3,TX-#41275579654M43016149705,6609263,1628699007.423934
84,DEPOSIT,50,TX-#68187170213M86370117290,4974445,1628699007.435826
85,DEPOSIT,26,o-#14409400443M76821578287,9685404,1628699007.448024
86,WITHDRAWAL,38,TX-#25112551475M68914596240,1947852,1628699007.459909
87,DEPOSIT,35,TX-#6837746341M69761476837,6280681,1628699007.471762
88,DEPOSIT,11,TX-#1610630924M73356097205,1730300,1628699007.483644
89,WITHDRAWAL,28,TX-#10233122826M72667146645,4313347,1628699007.495743
90,WITHDRAWAL,42,TX-#59066282178M43100340351,4724265,1628699007.507915
91,DEPOSIT,50,TX-#86395451156M89731102326,2285207,1628699007.519606
92,DEPOSIT,11,TX-#32582648059M87895963740,6312474,1628699007.531265
93,WITHDRAWAL,14,TX-#31016034467M61114617570,7752078,1628699007.543714
94,WITHDRAWAL,22,TX-#4267313262M35609002036,5795434,1628699007.555975
95,DEPOSIT,17,TX-#19648945385M11437472425,6043978,1628699007.56788
96,WITHDRAWAL,24,TX-#86865210165M33256665664,7608983,1628699007.579676
97,DEPOSIT,6,TX-#33930794208M43655310905,999103,1628699007.591554
98,WITHDRAWAL,11,TX-#57833545018M74380922495,742447,1628699007.603413
99,DEPOSIT,23,TX-#11441407778M76772774444,1499559,1628699007.615174
100,WITHDRAWAL,37,TX-#13279587632M33199293776,1320464,1628699007.626978
101,WITHDRAWAL,47,TX-#32814507341M76101122974,6495755,1628699007.638887
102,WITHDRAWAL,26,TX-#50489890956M77419588704,3138936,1628699007.650666
103,WITHDRAWAL,25,TX-#68840011086M45481682790,1893845,1628699007.662362
104,WITHDRAWAL,26,TX-#1412711896M13862352260,6100413,1628699007.674133
105,DEPOSIT,8,TX-#87207237572M52219034616,949382,1628699007.686379
106,WITHDRAWAL,37,TX-#25318420870M7691042802,4052773,1628699007.698304
107,WITHDRAWAL,39,TX-#22414141696M41681914170,8408298,1628699007.710034
108,DEPOSIT,24,TX-#12987041925M32149273396,9267655,1628699007.721853
109,DEPOSIT,22,TX-#60762046517M49576497325,2981604,1628699007.733832
110,DEPOSIT,24,TX-#36804687712M51161655003,9202221,1628699007.745869
111,WITHDRAWAL,23,TX-#9120360344M47727870741,8254863,1628699007.757627
112,WITHDRAWAL,48,TX-#39458473797M68298060845,3487472,1628699007.773712
113,DEPOSIT,36,TX-#83824242475M6159523494,4302854,1628699007.78587
114,WITHDRAWAL,43,TX-#56570101069M5389465913,3125144,1628699007.79784
115,DEPOSIT,31,TX-#27647086023M27979794435,5556058,1628699007.810057
116,DEPOSIT,1,TX-#48952362905M24959276148,9935900,1628699007.822075
117,DEPOSIT,6,TX-#10639739057M11876155543,4747222,1628699007.83485
118,DEPOSIT,49,TX-#66391552387M44763180323,5385699,1628699007.846809
119,SERVER,18,TX-#47439128832M32552614032,4762761,1628699007.859007
120,DEPOSIT,4,TX-#67801507373M9851411694,2500884,1628699007.87083
121,WITHDRAWAL,39,TX-#63737444360M13115183129,9893987,1628699007.883176
122,DEPOSIT,13,TX-#8416706003M35889808879,4811570,1628699007.895063
123,WITHDRAWAL,31,TX-#16825412666M61478404445,7152474,1628699007.906777
124,WITHDRAWAL,40,TX-#73974973784M65804363965,7185130,1628699007.918708
125,WITHDRAWAL,33,TX-#38731949358M49739946376,2452356,1628699007.93071
126,WITHDRAWAL,2,TX-#80941555304M7495111486,2469974,1628699007.942714
127,WITHDRAWAL,32,TX-#82667458360M39276892479,5162917,1628699007.954517
128,WITHDRAWAL,8,TX-#56484429860M27078558182,938531,1628699007.96627
129,DEPOSIT,18,TX-#44257113108M59475918018,6778754,1628699007.978153
130,DEPOSIT,4,TX-#82518896756M71481501107,7579680,1628699007.990099
131,WITHDRAWAL,23,TX-#22177805929M79903784785,7831637,1628699008.002061
132,WITHDRAWAL,10,TX-#29123698824M63573030986,4797801,1628699008.014082
133,DEPOSIT,16,TX-#69398744939M5258431951,5813985,1628699008.025891
134,WITHDRAWAL,12,TX-#10979025414M67526231550,5266070,1628699008.03818
135,DEPOSIT,24,TX-#31836255211M31544202609,1040647,1628699008.050165
136,DEPOSIT,32,TX-#85179172700M34728084580,8163683,1628699008.062027
137,DEPOSIT,49,TX-#17402556440M55413665073,9468838,1628699008.074445
138,WITHDRAWAL,50,TX-#85137445215M17928915367,1502263,1628699008.087257
139,DEPOSIT,26,TX-#27150783694M27960553605,3666597,1628699008.09958
140,WITHDRAWAL,8,TX-#67102486012M7646010873,2701448,1628699008.111704
141,DEPOSIT,29,TX-#29827130259M4186051912,4851586,1628699008.123636
142,WITHDRAWAL,3,TX-#86937971661M50571286088,1834068,1628699008.136008
143,DEPOSIT,41,TX-#37542300084M35909735382,1964631,1628699008.148459
144,DEPOSIT,44,TX-#63660627607M11959318218,9844169,1628699008.160477
145,WITHDRAWAL,42,TX-#73761988487M46762629801,8405103,1628699008.172492
146,DEPOSIT,27,TX-#11233032337M72238547578,4633802,1628699008.184342
147,WITHDRAWAL,49,L-#84842574631M89867058257,1720315,1628699008.196022
148,DEPOSIT,36,TX-#45415278790M32758869860,4678472,1628699008.207916
149,DEPOSIT,33,TX-#72363015744M9832492007,4676528,1628699008.219622
150,WITHDRAWAL,8,TX-#27349883559M1577133657,1438021,1628699008.231279
151,WITHDRAWAL,8,TX-#7281453068M25797704542,4979260,1628699008.243073
152,DEPOSIT,15,O-#26594100172M49827845178,6180141,1628699008.255004
153,DEPOSIT,23,e-#82849170020M40060544640,5372844,1628699008.267019
154,ERROR,45,TX-#69166950195M32628616641,3764611,1628699008.27874
155,WITHDRAWAL,46,TX-#50897027560M19370034532,4814552,1628699008.290629
156,DEPOSIT,30,TX-#78822323040M44236300539,8140054,1628699008.302639
157,WITHDRAWAL,21,TX-#61698375501M86530570809,1518239,1628699008.314304
158,WITHDRAWAL,44,TX-#23543378475M60102854223,7965239,1628699008.326153
159,DEPOSIT,49,TX-#74053527239M42215068526,6897893,1628699008.338018
160,WITHDRAWAL,21,TX-#14962794548M81151932867,2152196,1628699008.349756
161,WITHDRAWAL,17,TX-#38309219525M17300890211,5734289,1628699008.361794
162,WITHDRAWAL,19,TX-#28720823290M53954188223,1723981,1628699008.375287
163,DEPOSIT,27,TX-#46937105958M34487412791,7788434,1628699008.387312
164,DEPOSIT,28,TX-#88707318652M33698318012,3572824,1628699008.399458
165,WITHDRAWAL,33,TX-#35490977518M24825038599,7386844,1628699008.411668
166,WITHDRAWAL,30,TX-#56753159312M42827810044,5931358,1628699008.423971
167,WITHDRAWAL,26,TX-#64509213200M88318257143,1403020,1628699008.43627
168,WITHDRAWAL,33,TX-#4502895049M20922666540,9483489,1628699008.448448
169,WITHDRAWAL,39,TX-#11810934199M15228375527,1537702,1628699008.460281
170,WITHDRAWAL,30,TX-#78264958967M29439051432,9833094,1628699008.472265
171,DEPOSIT,35,TX-#83681599476M64274778249,1187713,1628699008.48422
172,DEPOSIT,12,TX-#63283462149M89450005671,1898036,1628699008.496179
173,WITHDRAWAL,42,TX-#64617655144M44237371474,6406295,1628699008.508398
174,WITHDRAWAL,8,TX-#68511532978M66649922630,9116109,1628699008.52098
175,WITHDRAWAL,2,TX-#43685071340M46892387011,2381583,1628699008.532994
176,DEPOSIT,12,TX-#27728225228M18733983413,9907367,1628699008.545051
177,DEPOSIT,44,TX-#76313019599M83875300658,8561116,1628699008.556827
178,WITHDRAWAL,5,TX-#21372875862M56127596169,3492627,1628699008.568428
179,DEPOSIT,8,TX-#14487879566M45468662566,6547593,1628699008.580218
180,DEPOSIT,18,TX-#33724999117M30846378370,2895574,1628699008.592264
181,WITHDRAWAL,31,TX-#81569366674M64396570555,8985274,1628699008.60397
182,WITHDRAWAL,5,TX-#66192608625M66530149842,1084525,1628699008.615893
183,WITHDRAWAL,15,TX-#23332124191M87771732694,4955536,1628699008.627725
184,WITHDRAWAL,41,TX-#82086765990M57015628163,2405198,1628699008.63967
185,WITHDRAWAL,41,TX-#63571149524M34403146499,4367685,1628699008.651376
186,DEPOSIT,1,TX-#49501110038M40283271906,1646031,1628699008.662984
187,DEPOSIT,48,TX-#86587815341M71038091282,8452123,1628699008.675033
188,DEPOSIT,48,TX-#5976841947M37946092463,9924746,1628699008.687218
189,WITHDRAWAL,48,TX-#50335763901M32192110576,4172505,1628699008.69914
190,WITHDRAWAL,34,TX-#66686991125M4977800307,6879421,1628699008.711372
191,WITHDRAWAL,28,TX-#78894993146M31492100829,6916402,1628699008.723323
192,WITHDRAWAL,20,TX-#79489230184M56811464787,6331838,1628699008.735555
193,DEPOSIT,20,TX-#45945893746M83603397798,8349890,1628699008.747734
194,WITHDRAWAL,18,TX-#53942849957M27185448192,5132802,1628699008.760245
195,DEPOSIT,49,TX-#15884087478M23722097009,8471154,1628699008.775211
196,DEPOSIT,50,TX-#21251481586M63915188677,2115705,1628699008.78748
197,WITHDRAWAL,48,TX-#79970766745M60996682488,7376110,1628699008.799382
198,DEPOSIT,28,TX-#2208092712M1042254990,3020197,1628699008.811101
199,WITHDRAWAL,13,TX-#64381161073M45538965310,2274530,1628699008.822889
200,DEPOSIT,37,TX-#24831809606M34804249946,2610459,1628699008.834631
201,DEPOSIT,12,TX-#61799341576M24180543992,4690784,1628699008.846672
202,WITHDRAWAL,11,TX-#82189445013M76436703185,6202684,1628699008.858333
203,WITHDRAWAL,13,TX-#36652209455M64420959858,5033062,1628699008.870002
204,DEPOSIT,47,TX-#84847056747M58902703662,9983669,1628699008.881749
205,DEPOSIT,23,TX-#43641136709M31629671520,3571700,1628699008.893655
206,DEPOSIT,28,TX-#8179523975M70550362483,7760096,1628699008.905332
207,DEPOSIT,3,TX-#74588111573M55394106564,886846,1628699008.917104
208,WITHDRAWAL,37,TX-#65560760503M55870104084,4470265,1628699008.928904
209,DEPOSIT,11,TX-#42784934162M41458715724,2382395,1628699008.940675
210,DEPOSIT,17,TX-#31235277779M4100871370,4358037,1628699008.952628
211,WITHDRAWAL,14,TX-#85292351372M82592666246,9829883,1628699008.964254
212,DEPOSIT,24,TX-#37606297681M70584384535,8110291,1628699008.976052
213,DEPOSIT,40,TX-#5795459883M88713957647,3583938,1628699008.987765
214,WITHDRAWAL,31,TX-#58958539357M7524154886,1841163,1628699008.999827
215,WITHDRAWAL,4,TX-#87058151002M57849522728,3027475,1628699009.012045
216,WITHDRAWAL,9,TX-#28523091305M84325408200,2693705,1628699009.024069
217,DEPOSIT,28,TX-#77315586681M26197149420,1074886,1628699009.035859
218,DEPOSIT,2,TX-#71283287472M76064339693,2762593,1628699009.047842
219,DEPOSIT,5,TX-#74438002596M59665561906,4377640,1628699009.059548
220,WITHDRAWAL,19,TX-#68669270515M74451699419,8463437,1628699009.071366
221,WITHDRAWAL,45,TX-#28830883771M75861242167,2991864,1628699009.083286
222,DEPOSIT,34,TX-#25176275198M11463445589,1705534,1628699009.095111
223,WITHDRAWAL,4,TX-#11585942117M49805964171,5616025,1628699009.107411
224,WITHDRAWAL,49,TX-#9035018713M62117274571,1959880,1628699009.119284
225,WITHDRAWAL,23,TX-#64226304192M26782024646,2248387,1628699009.131146
226,WITHDRAWAL,42,TX-#5891608694M81658512050,4695750,1628699009.143016
227,DEPOSIT,48,TX-#54475647934M10344579944,3090021,1628699009.155428
228,WITHDRAWAL,22,TX-#45091714240M28810082138,6469310,1628699009.167325
229,DEPOSIT,44,TX-#3453888914M12200673624,3111612,1628699009.17906
230,WITHDRAWAL,27,TX-#20975115165M35402495697,5714022,1628699009.190831
231,DEPOSIT,45,TX-#59872933709M23944044000,7589128,1628699009.202519
232,WITHDRAWAL,36,TX-#87294744656M38667091596,7837479,1628699009.214256
233,DEPOSIT,16,TX-#62388897455M781376603,2908082,1628699009.225921
234,WITHDRAWAL,47,TX-#24466438601M55087590897,7804809,1628699009.237712
235,WITHDRAWAL,32,TX-#74161276814M19020935736,1183404,1628699009.249476
236,DEPOSIT,30,TX-#82197763229M85594262503,1185718,1628699009.261445
237,WITHDRAWAL,50,TX-#39555112325M10331690937,3794474,1628699009.273189
238,DEPOSIT,44,TX-#9959510346M88727471232,7183660,1628699009.285265
239,DEPOSIT,38,TX-#61827041554M58410894500,4259391,1628699009.297175
240,DEPOSIT,47,TX-#6293102653M10348163032,9444281,1628699009.309004
241,DEPOSIT,35,TX-#32772369347M63902949736,4750656,1628699009.320793
242,WITHDRAWAL,49,TX-#52675338814M88214266555,4723362,1628699009.332729
243,DEPOSIT,35,TX-#8937876240M65290274459,1182842,1628699009.345173
244,WITHDRAWAL,11,TX-#57443554733M59909349200,5284553,1628699009.357204
245,WITHDRAWAL,8,TX-#77484307571M8799329781,3928582,1628699009.370007
246,WITHDRAWAL,29,TX-#75915995385M58096823321,5459828,1628699009.383648
247,WITHDRAWAL,36,TX-#35762623279M85586824088,9604615,1628699009.397064
248,DEPOSIT,38,TX-#20375993465M41666524439,8636673,1628699009.410205
249,WITHDRAWAL,12,TX-#30935376496M20732023093,1437386,1628699009.422273
250,DEPOSIT,7,TX-#29438491812M63389849916,3622245,1628699009.434012
251,WITHDRAWAL,1,TX-#84978067641M37954862309,5431871,1628699009.446522
252,DEPOSIT,47,TX-#308447962M14229549423,1687734,1628699009.458584
253,WITHDRAWAL,49,TX-#86017980379M4399835009,3244130,1628699009.47022
254,WITHDRAWAL,40,TX-#77142866655M75532138069,3877351,1628699009.481988
255,WITHDRAWAL,22,TX-#89438103319M20640749950,3011714,1628699009.49374
256,WITHDRAWAL,43,TX-#76135494731M37917209374,2630199,1628699009.505605
257,DEPOSIT,7,TX-#37619698275M42709354760,811215,1628699009.517239
258,DEPOSIT,47,TX-#9209688416M57243538856,5612461,1628699009.529041
259,DEPOSIT,45,TX-#72783654757M69388544427,3569210,1628699009.5408
260,WITHDRAWAL,17,TX-#28760782044M22847022696,7204512,1628699009.552609
261,DEPOSIT,20,TX-#76178486331M9394980319,5976913,1628699009.564327
262,DEPOSIT,20,TX-#72265108670M2233318321,3437694,1628699009.576019
263,WITHDRAWAL,1,TX-#61140557532M48304878711,1359081,1628699009.587903
264,WITHDRAWAL,29,TX-#6080910876M12621809942,3041159,1628699009.599628
265,DEPOSIT,18,TX-#63213485629M3782577561,6815579,1628699009.611205
266,WITHDRAWAL,24,TX-#28897217412M32565580513,2871708,1628699009.622909
267,WITHDRAWAL,18,TX-#79293844691M89258064972,2951641,1628699009.634788
268,DEPOSIT,3,TX-#4064111120M21737274487,6728662,1628699009.646871
269,DEPOSIT,41,TX-#63722975528M22041688892,5441067,1628699009.658583
270,WITHDRAWAL,30,TX-#22065602965M49742647997,9544734,1628699009.670266
271,DEPOSIT,47,TX-#28126279646M31808427399,3154003,1628699009.682514
272,WITHDRAWAL,45,TX-#80650300973M72748305515,2738752,1628699009.694781
273,DEPOSIT,32,TX-#64589579386M88485129254,7199887,1628699009.706954
274,DEPOSIT,33,TX-#20825393592M70136776100,2516030,1628699009.718834
275,DEPOSIT,44,TX-#2068884603M50018981972,1130370,1628699009.730532
276,DEPOSIT,9,TX-#64940674350M59396883263,4116529,1628699009.742629
277,DEPOSIT,20,TX-#52189940859M87871524629,5480234,1628699009.755394
278,DEPOSIT,37,TX-#57105123971M87919775037,1278752,1628699009.772579
279,DEPOSIT,18,TX-#77981983558M41282138095,3674417,1628699009.784628
280,DEPOSIT,16,TX-#13921856326M8541886750,9024001,1628699009.797025
281,DEPOSIT,23,TX-#68784008248M52573751975,8079156,1628699009.808858
282,DEPOSIT,41,TX-#2669826202M45557417030,9543789,1628699009.820798
283,DEPOSIT,2,TX-#47508863064M87977644463,1750160,1628699009.832834
284,DEPOSIT,22,TX-#20131798329M89991663116,1506662,1628699009.844722
285,WITHDRAWAL,2,TX-#89348416561M47741300355,1864799,1628699009.878131
286,WITHDRAWAL,34,TX-#30188656022M57102483440,879960,1628699009.889992
287,DEPOSIT,3,TX-#59918426217M84712992738,9206238,1628699009.901984
288,WITHDRAWAL,46,TX-#51611650282M75162540618,9188540,1628699009.914074
289,DEPOSIT,21,TX-#32382181396M49706006758,8090284,1628699009.925701
290,WITHDRAWAL,30,TX-#33350271587M88531874903,6102007,1628699009.938262
291,WITHDRAWAL,46,TX-#25108394307M77696135829,3168812,1628699009.950547
292,DEPOSIT,25,TX-#65145346529M80399834564,5770101,1628699009.962571
293,DEPOSIT,50,TX-#70278432400M67625186905,8327670,1628699009.974647
294,DEPOSIT,10,TX-#59377045382M37308801723,6466957,1628699009.98646
295,DEPOSIT,44,TX-#40044674309M20451099518,9513399,1628699009.998107
296,DEPOSIT,24,TX-#37852877084M71959764894,6128883,1628699010.010633
297,WITHDRAWAL,50,TX-#58455104054M85654474835,8158641,1628699010.022548
298,DEPOSIT,49,TX-#33364766873M33729849757,1748853,1628699010.034425
299,WITHDRAWAL,47,TX-#57300438866M19966413151,4982769,1628699010.046659
300,WITHDRAWAL,44,TX-#49662693516M102863260,1462062,1628699010.058493
301,DEPOSIT,42,TX-#80764879758M64549996287,7545749,1628699010.070512
302,WITHDRAWAL,28,TX-#71230880595M70889049879,4704782,1628699010.082483
303,DEPOSIT,21,TX-#2836930740M68267021522,5611522,1628699010.094571
304,WITHDRAWAL,17,TX-#15415705954M14178278484,8340455,1628699010.106635
305,DEPOSIT,37,TX-#1514988351M73514002036,2125378,1628699010.118793
306,WITHDRAWAL,31,TX-#12042209298M79165667609,2157641,1628699010.131109
307,DEPOSIT,33,TX-#3188474843M108393992,1155123,1628699010.14306
308,DEPOSIT,9,TX-#76392156458M12123952309,2287676,1628699010.154941
309,WITHDRAWAL,8,TX-#1430013263M8863517089,4570035,1628699010.166772
310,WITHDRAWAL,3,TX-#25683636196M31006130753,5751470,1628699010.178565
311,WITHDRAWAL,6,TX-#9518250076M84683385341,6734406,1628699010.190492
312,WITHDRAWAL,43,TX-#19406057765M36151343962,9065273,1628699010.202379
313,DEPOSIT,44,TX-#5273919880M56912891548,3498929,1628699010.214281
314,DEPOSIT,5,TX-#63940676077M78735641568,4995698,1628699010.226038
315,DEPOSIT,19,TX-#45332081431M83913273460,9698726,1628699010.238141
316,WITHDRAWAL,43,TX-#72014446268M53566002936,7506258,1628699010.250022
317,WITHDRAWAL,4,TX-#54879197070M54061097408,8619954,1628699010.261971
318,WITHDRAWAL,5,TX-#19149719191M46783609578,7784961,1628699010.273858
319,WITHDRAWAL,13,TX-#631223002M9385989879,1270962,1628699010.285938
320,WITHDRAWAL,39,TX-#60786699451M71383333567,2378272,1628699010.297908
321,DEPOSIT,50,TX-#2552412828M264317648,7846977,1628699010.30985
322,DEPOSIT,27,TX-#39035534118M75698457805,5139685,1628699010.321638
323,WITHDRAWAL,19,TX-#2552684341M66039061228,5760294,1628699010.333613
324,DEPOSIT,27,TX-#66248930072M75958322923,8838980,1628699010.345423
325,DEPOSIT,4,TX-#41360759004M52225518296,3862697,1628699010.357397
326,WITHDRAWAL,37,TX-#19560615916M32430335942,6219806,1628699010.369916
327,DEPOSIT,28,TX-#4811706788M10345127318,9659059,1628699010.382146
328,DEPOSIT,16,TX-#781349980M24147517136,9225483,1628699010.394079
329,DEPOSIT,35,TX-#77297760634M3267976478,9668504,1628699010.406021
330,DEPOSIT,24,TX-#4153276658M11401351254,6742379,1628699010.4181
331,DEPOSIT,36,TX-#6383593099M80263671259,5690683,1628699010.430254
332,DEPOSIT,50,TX-#36829518290M23329615302,5767132,1628699010.442908
333,DEPOSIT,34,TX-#3142788268M203408929,7802063,1628699010.456361
334,WITHDRAWAL,35,TX-#18320851360M18976737906,6939675,1628699010.469029
335,DEPOSIT,26,TX-#8091162380M81987526352,2072669,1628699010.48245
336,DEPOSIT,20,TX-#49092756699M59030624518,7724578,1628699010.496081
337,WITHDRAWAL,49,TX-#88919003447M65043079942,4943806,1628699010.510057
338,DEPOSIT,36,TX-#57424059070M29641753249,4591059,1628699010.523802
339,WITHDRAWAL,45,TX-#58594193804M4718329529,8415267,1628699010.536936
340,WITHDRAWAL,20,TX-#1691622053M5334534612,4559806,1628699010.549938
341,WITHDRAWAL,25,TX-#33986453420M13406565821,1121249,1628699010.564454
342,DEPOSIT,14,TX-#30650140156M77975530841,7284174,1628699010.577401
343,DEPOSIT,19,TX-#63119256761M32142453855,935115,1628699010.590494
344,WITHDRAWAL,12,TX-#52425069303M86670013079,3481288,1628699010.603707
345,WITHDRAWAL,10,TX-#43390068395M52095900890,9173370,1628699010.616705
346,WITHDRAWAL,32,TX-#20099533122M48904967388,3785858,1628699010.629259
347,WITHDRAWAL,18,TX-#37303335280M13219325501,1537495,1628699010.641873
348,DEPOSIT,1,TX-#78879491292M4447117188,8250863,1628699010.654835
349,DEPOSIT,47,TX-#6800929452M21193758686,9508466,1628699010.668228
350,WITHDRAWAL,31,TX-#46336068550M54174336611,7239105,1628699010.682705
351,WITHDRAWAL,14,TX-#52216816007M42847088441,8700930,1628699010.695521
352,WITHDRAWAL,37,TX-#35236669936M9727432925,4103766,1628699010.713864
353,WITHDRAWAL,20,TX-#69747608087M63865757617,1340491,1628699010.730408
354,DEPOSIT,10,TX-#53572031532M79652941059,9747625,1628699010.748271
355,DEPOSIT,2,TX-#1208198696M47580522902,3189018,1628699010.76743
356,WITHDRAWAL,30,TX-#86675349567M83741943408,3594077,1628699010.785083
357,WITHDRAWAL,20,TX-#49373539806M62448562737,8252003,1628699010.802774
358,WITHDRAWAL,43,TX-#10224490582M14624328314,6992079,1628699010.817319
359,DEPOSIT,5,TX-#62709391787M27893222055,9247363,1628699010.830097
360,WITHDRAWAL,19,TX-#64895010934M29177675660,8087121,1628699010.842259
361,DEPOSIT,39,TX-#44144824997M12463730255,8268345,1628699010.854346
362,DEPOSIT,11,TX-#52894020239M51413858940,6151555,1628699010.866457
363,DEPOSIT,17,TX-#40621094808M35578051770,8601051,1628699010.878261
364,DEPOSIT,15,TX-#82324132678M52210095489,9053498,1628699010.890163
365,DEPOSIT,31,TX-#11527120627M30746575675,6836399,1628699010.902021
366,WITHDRAWAL,33,TX-#45788843228M80190898056,1466382,1628699010.913771
367,DEPOSIT,42,TX-#84077222760M52874955060,8767754,1628699010.925635
368,DEPOSIT,20,TX-#19085979157M64272484377,5467158,1628699010.937566
369,DEPOSIT,48,TX-#49894330170M64490791806,1884675,1628699010.94953
370,DEPOSIT,30,TX-#69812931703M4808870445,4581784,1628699010.96118
371,WITHDRAWAL,42,TX-#61400576699M74974207554,1050315,1628699010.972956
372,DEPOSIT,23,TX-#68416876478M9202532690,3211165,1628699010.985006
373,DEPOSIT,48,TX-#80980688175M18050012082,1456046,1628699010.996802
374,WITHDRAWAL,26,TX-#39713400381M8751761804,2928995,1628699011.009143
375,DEPOSIT,22,TX-#37531102433M29002168169,2104705,1628699011.021013
376,WITHDRAWAL,18,TX-#740436871M57401798971,6037472,1628699011.033128
377,DEPOSIT,19,TX-#772007600M30869951429,6073129,1628699011.045031
378,DEPOSIT,35,TX-#64961145842M1957312839,2526267,1628699011.056893
379,WITHDRAWAL,11,TX-#19798523137M79223393719,5540857,1628699011.068921
380,DEPOSIT,33,TX-#11259690638M83131582017,7406918,1628699011.08264
381,DEPOSIT,20,TX-#62820461656M60773814247,8311988,1628699011.096376
382,WITHDRAWAL,9,TX-#47773087029M19890083747,7113281,1628699011.112203
383,DEPOSIT,14,TX-#42327586849M77318785972,1308638,1628699011.128229
384,WITHDRAWAL,10,TX-#71481333992M52011965901,8650745,1628699011.141572
385,DEPOSIT,32,TX-#48885877388M88734990356,9410818,1628699011.155868
386,WITHDRAWAL,20,TX-#9638690245M56006019063,3382401,1628699011.170019
387,WITHDRAWAL,2,TX-#5667607138M66857597228,3976287,1628699011.184122
388,WITHDRAWAL,40,TX-#67030031024M56934178878,5705474,1628699011.197899
389,WITHDRAWAL,36,TX-#31791550572M55053087679,6913040,1628699011.21098
390,WITHDRAWAL,4,TX-#43645558958M63479224191,3087178,1628699011.225237
391,WITHDRAWAL,29,TX-#61041125958M28730113092,8142392,1628699011.238298
392,DEPOSIT,2,TX-#23823567632M80973653035,8279206,1628699011.252114
393,DEPOSIT,17,TX-#74636518515M12136378199,2124060,1628699011.265721
394,DEPOSIT,27,TX-#73926215168M65895332298,9571573,1628699011.27823
395,WITHDRAWAL,5,TX-#5438159155M35939006240,4724134,1628699011.290661
396,WITHDRAWAL,10,TX-#46854427216M22034019002,9229705,1628699011.303135
397,WITHDRAWAL,21,TX-#25171946945M29902719787,7671847,1628699011.315289
398,WITHDRAWAL,28,TX-#14732322088M57999956064,4588142,1628699011.327148
399,WITHDRAWAL,31,TX-#39771944307M73744098545,1734151,1628699011.339206
400,DEPOSIT,20,TX-#51100256085M37526036841,6748762,1628699011.351051
401,WITHDRAWAL,33,TX-#10093296952M42093914367,7864291,1628699011.362712
402,WITHDRAWAL,48,TX-#19505051865M28202002540,2636207,1628699011.374406
403,WITHDRAWAL,41,TX-#65694544001M25332927261,2812453,1628699011.386252
404,DEPOSIT,29,TX-#11004718508M41863886769,7606431,1628699011.397958
405,DEPOSIT,18,TX-#4819897479M20551680865,4608783,1628699011.41181
406,WITHDRAWAL,27,TX-#76772584131M50065139028,6645779,1628699011.423656
407,WITHDRAWAL,6,TX-#20826746785M84913496212,5057979,1628699011.43581
408,WITHDRAWAL,26,TX-#73525649630M59390671004,860926,1628699011.448128
409,DEPOSIT,42,TX-#65689612489M4940509110,774436,1628699011.459899
410,WITHDRAWAL,39,TX-#415720986M13854159228,1696287,1628699011.471835
411,DEPOSIT,22,TX-#44075171773M45578655762,8550003,1628699011.484306
412,DEPOSIT,1,TX-#15333080297M4811703498,6783968,1628699011.497247
413,DEPOSIT,32,TX-#67856300941M63106533854,7223913,1628699011.509461
414,DEPOSIT,14,TX-#31402516513M56138645783,2150277,1628699011.521347
415,DEPOSIT,5,TX-#69802942944M10869300540,7249791,1628699011.533097
416,DEPOSIT,42,TX-#7276726894M61327718356,7031902,1628699011.545258
417,DEPOSIT,16,TX-#88317916987M61112715928,5834203,1628699011.557109
418,WITHDRAWAL,37,TX-#70014107094M84824731798,5520358,1628699011.569045
419,WITHDRAWAL,22,TX-#54278952222M10133382388,4270066,1628699011.580752
420,WITHDRAWAL,25,TX-#10094674142M80141828019,7842516,1628699011.59305
421,DEPOSIT,43,TX-#20831554136M62525137804,1173135,1628699011.605026
422,DEPOSIT,49,TX-#18496046802M11041923766,3430466,1628699011.616676
423,DEPOSIT,43,TX-#70735832168M37971365491,7201985,1628699011.628347
424,WITHDRAWAL,31,TX-#10647154254M73797363167,9462870,1628699011.640382
425,WITHDRAWAL,1,TX-#62887484003M43897327197,6354483,1628699011.65247
426,DEPOSIT,27,TX-#75188034593M74525217292,1224254,1628699011.664836
427,DEPOSIT,48,TX-#37690347348M49672782645,7792294,1628699011.67749
428,WITHDRAWAL,12,TX-#893320467M47375343455,6797796,1628699011.689556
429,DEPOSIT,49,TX-#49826845732M73537722401,8814959,1628699011.701613
430,WITHDRAWAL,22,TX-#81121811211M58079947477,1126077,1628699011.713767
431,DEPOSIT,10,TX-#41090379312M74107106542,8334280,1628699011.725602
432,WITHDRAWAL,1,TX-#77041075358M87096240776,873911,1628699011.738491
433,DEPOSIT,20,TX-#13096141117M72182356242,2722244,1628699011.750967
434,WITHDRAWAL,12,TX-#56982582775M43575213676,2315670,1628699011.76495
435,DEPOSIT,50,TX-#23886865197M48366320536,1195750,1628699011.780321
436,DEPOSIT,29,TX-#19957882720M802839946,7771965,1628699011.792388
437,WITHDRAWAL,30,TX-#51564399409M73570893437,4344435,1628699011.804356
438,DEPOSIT,32,TX-#64375533656M62835234128,5936290,1628699011.816454
439,WITHDRAWAL,42,TX-#35176819196M84952808203,3543463,1628699011.828623
440,DEPOSIT,13,TX-#58772714487M86643696050,6144803,1628699011.840397
441,WITHDRAWAL,21,TX-#36313449530M41355593179,5608881,1628699011.852459
442,WITHDRAWAL,5,TX-#63893253970M51867042115,3378831,1628699011.864463
443,WITHDRAWAL,47,TX-#14015445331M8573676750,3049379,1628699011.877845
444,DEPOSIT,40,TX-#69957188725M85584933196,6419801,1628699011.889912
445,WITHDRAWAL,40,TX-#75389257264M53543976495,8095535,1628699011.902759
446,DEPOSIT,27,TX-#29132692758M51617579168,9207615,1628699011.914754
447,DEPOSIT,26,TX-#50565751939M46707690356,4834817,1628699011.926675
448,DEPOSIT,20,TX-#59658754186M77182256238,8658988,1628699011.938447
449,DEPOSIT,17,TX-#74716494374M72455329075,1474305,1628699011.950559
450,DEPOSIT,9,TX-#23567187349M88593018989,8596160,1628699011.96229
451,DEPOSIT,8,TX-#31158439881M2872368338,4431494,1628699011.974277
452,DEPOSIT,19,TX-#72672762356M31234514967,8662183,1628699011.986207
453,DEPOSIT,46,TX-#18250251191M68415364025,3815075,1628699011.997837
454,WITHDRAWAL,22,TX-#82063742540M24780483300,8415746,1628699012.009922
455,WITHDRAWAL,32,TX-#29828058848M78352816893,7758538,1628699012.021862
456,WITHDRAWAL,6,TX-#71739087129M5825910251,2149443,1628699012.03399
457,DEPOSIT,46,TX-#8357119795M22054801332,9110227,1628699012.045902
458,WITHDRAWAL,18,TX-#22781117338M66507463959,2990076,1628699012.057953
459,DEPOSIT,24,TX-#28026347098M16553056360,8604784,1628699012.069922
460,WITHDRAWAL,20,TX-#25732104691M66763235469,849685,1628699012.081936
461,DEPOSIT,39,TX-#50407385218M48905782816,4503532,1628699012.094267
462,DEPOSIT,9,TX-#17747079525M33035613088,6826332,1628699012.114578
463,WITHDRAWAL,30,TX-#37512389724M11663450569,8366541,1628699012.126904
464,DEPOSIT,15,TX-#52093488730M13280531355,4326449,1628699012.139035
465,DEPOSIT,2,TX-#36350435734M22689047392,8391607,1628699012.151551
466,DEPOSIT,14,TX-#80948494024M20656793584,6136604,1628699012.163443
467,DEPOSIT,39,TX-#60091071160M20393530557,8627469,1628699012.17534
468,WITHDRAWAL,9,TX-#4934375029M26597376025,6347757,1628699012.187048
469,WITHDRAWAL,5,TX-#47188808287M24681347187,2196260,1628699012.198959
470,DEPOSIT,50,TX-#45144749231M55662708412,8104812,1628699012.210726
471,DEPOSIT,47,TX-#88126081581M58215559150,2423930,1628699012.222435
472,DEPOSIT,14,TX-#83429971470M83857648061,3210957,1628699012.234628
473,DEPOSIT,16,TX-#74402136913M44973212546,4097932,1628699012.246359
474,DEPOSIT,21,TX-#81816872625M65386624471,1105954,1628699012.258488
475,WITHDRAWAL,29,TX-#77102748857M70418139932,4737854,1628699012.270881
476,WITHDRAWAL,1,TX-#69459990601M33222426651,3470360,1628699012.282801
477,DEPOSIT,7,TX-#88387331351M16903827332,2730863,1628699012.294653
478,DEPOSIT,5,TX-#24086166146M81712891093,4671313,1628699012.306967
479,DEPOSIT,6,TX-#13122421860M88851154221,7836674,1628699012.319066
480,DEPOSIT,5,TX-#52913424967M31206275030,4397597,1628699012.33084
481,DEPOSIT,38,TX-#60193402859M26354294778,6413814,1628699012.343289
482,WITHDRAWAL,19,TX-#19192223184M49344530828,8528769,1628699012.355312
483,DEPOSIT,18,TX-#23017036615M6506871014,8972967,1628699012.367554
484,DEPOSIT,1,TX-#87820042705M76142728374,6426454,1628699012.379367
485,WITHDRAWAL,2,TX-#33964793141M62669627795,2580476,1628699012.391279
486,WITHDRAWAL,15,TX-#26841489450M86392438729,5675321,1628699012.403039
487,WITHDRAWAL,42,TX-#87547009770M57076822550,1040189,1628699012.416881
488,WITHDRAWAL,6,TX-#22869114602M55940933092,5874958,1628699012.428862
489,DEPOSIT,19,TX-#16414454095M765973294,1351621,1628699012.44072
490,DEPOSIT,9,TX-#1225327844M75071558027,1893091,1628699012.452927
491,WITHDRAWAL,19,TX-#80654149211M89088305613,1385889,1628699012.464761
492,WITHDRAWAL,18,TX-#43008217725M25857109609,3429523,1628699012.476727
493,WITHDRAWAL,20,TX-#47615155601M38206380496,6070489,1628699012.488571
494,WITHDRAWAL,45,TX-#79792106513M89075241168,6118913,1628699012.501534
495,DEPOSIT,25,TX-#4169058215M26412605429,4561040,1628699012.513682
496,WITHDRAWAL,34,TX-#76155359688M44290524535,1018254,1628699012.528102
497,WITHDRAWAL,26,TX-#67170270641M79279234260,7121453,1628699012.540434
498,DEPOSIT,14,TX-#63477891685M71726854892,7258419,1628699012.552598
499,DEPOSIT,35,TX-#74712299630M41425973617,6945666,1628699012.56433
500,DEPOSIT,45,TX-#69815167110M22714057412,6648800,1628699012.576348
501,DEPOSIT,16,TX-#63085897552M13516985243,9287092,1628699012.588204
502,DEPOSIT,33,TX-#30541886222M2045364569,3218985,1628699012.599981
503,DEPOSIT,13,TX-#15709275245M18076323416,5246157,1628699012.611981
504,DEPOSIT,13,TX-#6421099909M74877517670,2818860,1628699012.623682
505,DEPOSIT,39,TX-#23625352380M66443732902,9977509,1628699012.635567
506,DEPOSIT,16,TX-#68823584155M16952132965,1145409,1628699012.647443
507,WITHDRAWAL,11,TX-#74522017824M83313413866,8003626,1628699012.6592
508,WITHDRAWAL,31,TX-#17142755410M613427830,7635767,1628699012.670926
509,DEPOSIT,39,TX-#73313071788M21153239117,3235769,1628699012.683581
510,WITHDRAWAL,3,TX-#60083673715M85640402393,5474406,1628699012.695422
511,WITHDRAWAL,49,TX-#24901729334M26395710284,6854054,1628699012.707453
512,WITHDRAWAL,48,TX-#9258081723M56059037572,2651698,1628699012.719248
513,WITHDRAWAL,45,TX-#29174415181M86402987720,2919297,1628699012.731558
514,WITHDRAWAL,26,TX-#78759997612M36467885041,1613457,1628699012.743563
515,DEPOSIT,21,TX-#69199711395M9108729853,8688834,1628699012.755373
516,DEPOSIT,47,TX-#7684341670M11907082160,9566059,1628699012.770095
517,WITHDRAWAL,38,TX-#18693230728M65649206177,779995,1628699012.782466
518,WITHDRAWAL,17,TX-#30610300337M26893708085,2830074,1628699012.79442
519,WITHDRAWAL,16,TX-#50251380421M77413852692,8897960,1628699012.806198
520,WITHDRAWAL,49,TX-#77574575572M9406023487,9505198,1628699012.817922
521,DEPOSIT,8,TX-#54830012810M37082463842,4009567,1628699012.829605
522,DEPOSIT,20,TX-#84757052283M88267418852,5156143,1628699012.841353
523,WITHDRAWAL,43,TX-#37435673292M52459308128,7711448,1628699012.853406
524,DEPOSIT,29,TX-#25308012503M39493623901,5016196,1628699012.865173
525,DEPOSIT,35,TX-#30588535344M9789202937,3296003,1628699012.876869
526,DEPOSIT,28,TX-#1637638207M16033684420,9014001,1628699012.888658
527,DEPOSIT,9,TX-#11008817969M23098566206,4635548,1628699012.90054
528,DEPOSIT,47,TX-#89666428285M52761512490,1523589,1628699012.912371
529,DEPOSIT,48,TX-#37030609757M312029737,5706940,1628699012.924052
530,DEPOSIT,12,TX-#62701261918M55173977504,9242453,1628699012.936095
531,WITHDRAWAL,22,TX-#38503380559M29170114526,9185621,1628699012.948479
532,WITHDRAWAL,2,TX-#58831290952M5316528901,2182717,1628699012.960419
533,DEPOSIT,12,TX-#69546870683M39058189612,1653909,1628699012.972218
534,DEPOSIT,22,TX-#63130528411M45605480765,3399055,1628699012.984091
535,DEPOSIT,22,TX-#48307262617M33290351498,1133081,1628699012.995746
536,WITHDRAWAL,18,TX-#22947613361M38113551752,9598351,1628699013.008699
537,WITHDRAWAL,14,TX-#85253089195M10194423747,8582538,1628699013.020746
538,WITHDRAWAL,12,TX-#81548769536M59107720715,6866844,1628699013.032942
539,DEPOSIT,44,TX-#77151973277M13854487419,3557416,1628699013.044975
540,WITHDRAWAL,10,TX-#9329432816M55782294588,2179399,1628699013.056873
541,DEPOSIT,26,TX-#48901825215M30562213155,915570,1628699013.068776
542,DEPOSIT,27,TX-#42480761593M75931044990,7728085,1628699013.080527
543,WITHDRAWAL,9,TX-#34531254716M36316974465,1330331,1628699013.092353
544,DEPOSIT,38,TX-#20158843682M54304493172,9327261,1628699013.104294
545,WITHDRAWAL,1,TX-#58112345965M45013254886,8734779,1628699013.116357
546,WITHDRAWAL,19,TX-#78329696730M10343210360,6421723,1628699013.128475
547,DEPOSIT,39,TX-#9844837349M32592598370,8146457,1628699013.140387
548,DEPOSIT,11,TX-#26611804985M11493798197,1084953,1628699013.152224
549,DEPOSIT,18,TX-#71707714905M78708506373,5384561,1628699013.164687
550,WITHDRAWAL,29,TX-#1456107298M85688870464,8797222,1628699013.176474
551,DEPOSIT,16,TX-#19941354065M84588426583,4457684,1628699013.188321
552,DEPOSIT,33,TX-#66393805250M21638011842,7415270,1628699013.200085
553,WITHDRAWAL,7,TX-#59364925251M72132797191,7645913,1628699013.21184
554,WITHDRAWAL,48,TX-#46686438774M74319898778,989002,1628699013.22363
555,DEPOSIT,29,TX-#60434426942M65029279224,2331155,1628699013.235359
556,DEPOSIT,14,TX-#88510916331M66440392081,1446330,1628699013.247098
557,WITHDRAWAL,27,TX-#88501818166M17745062817,2593325,1628699013.258898
558,DEPOSIT,37,TX-#33263738072M54713774063,8585589,1628699013.271024
559,WITHDRAWAL,39,TX-#33485533844M23334395292,5052790,1628699013.282879
560,WITHDRAWAL,1,TX-#77916074261M36242812324,8079568,1628699013.294803
561,DEPOSIT,15,TX-#70696033705M24483209863,2059582,1628699013.306596
562,WITHDRAWAL,37,TX-#358225769M64048690819,8380906,1628699013.318632
563,WITHDRAWAL,2,TX-#17899977967M51177656799,3322329,1628699013.330313
564,DEPOSIT,9,TX-#12527316274M68980424193,7606546,1628699013.342195
565,DEPOSIT,7,TX-#37207215894M74176807323,4321909,1628699013.353981
566,DEPOSIT,10,TX-#3432002120M35873145199,8086222,1628699013.36569
567,WITHDRAWAL,22,TX-#22945039447M56407238640,5184136,1628699013.37749
568,DEPOSIT,19,TX-#49010981199M29476684215,7692608,1628699013.389436
569,WITHDRAWAL,11,TX-#4456202917M66023678158,7941360,1628699013.401165
570,WITHDRAWAL,23,TX-#68812803478M2212688626,6888700,1628699013.415098
571,DEPOSIT,17,TX-#65479461923M35438284214,9492680,1628699013.427541
572,DEPOSIT,28,TX-#84301462248M65776803399,1222238,1628699013.439632
573,WITHDRAWAL,50,TX-#83498643267M69677689567,3252303,1628699013.451828
574,DEPOSIT,42,TX-#57794983141M28149875288,2164288,1628699013.46374
575,DEPOSIT,18,TX-#73735282885M15244133248,9304917,1628699013.475576
576,DEPOSIT,19,TX-#15313574094M57167724742,6011263,1628699013.487607
577,DEPOSIT,13,TX-#13492077919M7983096336,9865762,1628699013.499342
578,DEPOSIT,29,TX-#75125340041M16924649990,2438192,1628699013.511094
579,DEPOSIT,49,TX-#26702637648M70921243412,7248411,1628699013.523256
580,DEPOSIT,25,TX-#71403740070M50990877442,1242024,1628699013.53602
581,WITHDRAWAL,33,TX-#76911546690M43345617515,1674985,1628699013.548471
582,DEPOSIT,47,TX-#45662283404M61389774831,4814639,1628699013.560595
583,WITHDRAWAL,50,TX-#51931840688M57223539878,2653823,1628699013.572279
584,DEPOSIT,7,TX-#69982754363M78157948295,6319226,1628699013.584132
585,DEPOSIT,39,TX-#82461565037M67128452136,6426009,1628699013.596198
586,WITHDRAWAL,14,TX-#33593471352M4274686259,5355311,1628699013.608142
587,WITHDRAWAL,2,TX-#30099012286M79432473111,4379777,1628699013.619861
588,WITHDRAWAL,16,TX-#57389591903M8503202671,2191400,1628699013.631822
589,WITHDRAWAL,16,TX-#49539521061M9953764526,4352676,1628699013.643894
590,WITHDRAWAL,38,TX-#37639992622M20413751791,7296037,1628699013.655796
591,DEPOSIT,41,TX-#8786464996M17147505990,8337812,1628699013.667625
592,WITHDRAWAL,9,TX-#18367345416M81548714079,955628,1628699013.679808
593,WITHDRAWAL,42,TX-#53427996056M2230576023,7074955,1628699013.692323
594,DEPOSIT,34,TX-#46135461481M14381646155,6659739,1628699013.704397
595,DEPOSIT,8,TX-#13052479991M67452756717,832757,1628699013.716409
596,DEPOSIT,29,TX-#29559302219M27585111391,7018797,1628699013.728192
597,DEPOSIT,2,TX-#1758844505M62093764010,3020413,1628699013.73995
598,DEPOSIT,34,TX-#80838671022M10009532479,4109082,1628699013.751818
599,DEPOSIT,40,TX-#62074109433M20888411662,6067629,1628699013.765656
600,WITHDRAWAL,6,TX-#84624686876M30765861055,3509233,1628699013.779846
601,WITHDRAWAL,40,TX-#16471248201M44311876536,741423,1628699013.791843
602,DEPOSIT,3,TX-#10852553791M43446111423,4643993,1628699013.804271
603,WITHDRAWAL,32,TX-#65928715502M84136907429,6535936,1628699013.815955
604,WITHDRAWAL,22,TX-#40445680046M20007989007,1508084,1628699013.82768
605,WITHDRAWAL,1,TX-#29033454006M29833988497,5196564,1628699013.839575
606,WITHDRAWAL,20,TX-#85610063440M76072627455,5605463,1628699013.851368
607,WITHDRAWAL,20,TX-#74452263314M77069122714,9695887,1628699013.863244
608,DEPOSIT,22,TX-#79706533927M84380503932,5502307,1628699013.87506
609,WITHDRAWAL,45,TX-#72554208586M71105303452,5120201,1628699013.887098
610,DEPOSIT,49,TX-#82775026063M22773334630,5367107,1628699013.899062
611,DEPOSIT,41,TX-#42644398809M76003892474,6123485,1628699013.911026
612,WITHDRAWAL,37,TX-#24687266033M8435300787,4220017,1628699013.922907
613,WITHDRAWAL,28,TX-#14732992996M81848889454,5234663,1628699013.934833
614,WITHDRAWAL,41,TX-#61633900196M9555486312,6980878,1628699013.946537
615,DEPOSIT,46,TX-#30484017265M83014647604,5106475,1628699013.958275
616,WITHDRAWAL,16,TX-#25063618520M9053234471,4873453,1628699013.970061
617,DEPOSIT,28,TX-#22285559907M11045431075,9322908,1628699013.982063
618,WITHDRAWAL,22,TX-#82011948698M80799230144,3311385,1628699013.9938
619,DEPOSIT,4,TX-#20431217339M10559084077,2127997,1628699014.008206
620,WITHDRAWAL,46,TX-#21115445065M79109211782,9892316,1628699014.020745
621,WITHDRAWAL,18,TX-#89177021169M62953782342,3259602,1628699014.032716
622,DEPOSIT,3,TX-#38966704066M31838167780,2651206,1628699014.044522
623,WITHDRAWAL,21,TX-#20751221587M35218092659,6194235,1628699014.056414
624,WITHDRAWAL,49,TX-#62301303149M36824320272,7396592,1628699014.068917
625,DEPOSIT,46,TX-#71757181132M40067931527,1523121,1628699014.080953
626,DEPOSIT,46,TX-#60757692501M19788198073,4638574,1628699014.093011
627,DEPOSIT,9,TX-#24370495583M36726532910,6946844,1628699014.10532
628,DEPOSIT,31,TX-#523147932M74452864271,4551704,1628699014.117629
629,WITHDRAWAL,48,TX-#9019187439M1692198642,1325922,1628699014.129794
630,DEPOSIT,9,TX-#59233664427M45291423362,2544976,1628699014.143003
631,WITHDRAWAL,47,TX-#23044784757M8266444129,1727706,1628699014.155118
632,WITHDRAWAL,34,TX-#10270947844M84818947017,6336844,1628699014.167032
633,WITHDRAWAL,6,TX-#10382227071M26982125434,3448941,1628699014.178928
634,WITHDRAWAL,45,TX-#10324437044M75162325796,3452978,1628699014.191279
635,WITHDRAWAL,42,TX-#62705224556M42082058704,4441895,1628699014.203256
636,DEPOSIT,13,TX-#17289494352M51399621194,1016895,1628699014.215069
637,DEPOSIT,38,TX-#19920424325M5644843933,6600153,1628699014.226861
638,DEPOSIT,43,TX-#24168350M75861592085,4576836,1628699014.239047
639,WITHDRAWAL,29,TX-#2256407155M77152408286,2050769,1628699014.252148
640,DEPOSIT,8,TX-#5945541219M39644739188,8938212,1628699014.264181
641,WITHDRAWAL,36,TX-#34515516367M38887877726,3331650,1628699014.276185
642,DEPOSIT,4,TX-#29806817674M43607740561,3889700,1628699014.288185
643,WITHDRAWAL,31,TX-#17011755619M13944422780,7040984,1628699014.300045
644,WITHDRAWAL,9,TX-#21199306218M71877785592,9472542,1628699014.311874
645,WITHDRAWAL,43,TX-#29309889627M44559349671,8649572,1628699014.323576
646,DEPOSIT,43,TX-#85023384003M65417625529,4057471,1628699014.335624
647,DEPOSIT,41,TX-#28236996439M65743701546,5252958,1628699014.347492
648,WITHDRAWAL,17,TX-#55678174937M67754686898,4404543,1628699014.35923
649,WITHDRAWAL,41,TX-#3881253731M74999493318,3296519,1628699014.370858
650,WITHDRAWAL,22,TX-#34528871496M13727736764,2359104,1628699014.382575
651,DEPOSIT,22,TX-#31198044695M76285359893,5753924,1628699014.394359
652,WITHDRAWAL,9,TX-#676688339M64889988433,790235,1628699014.405976
653,WITHDRAWAL,39,TX-#53711210028M40731728285,7248133,1628699014.419711
654,DEPOSIT,36,TX-#32970754520M67202374079,4472629,1628699014.431859
655,DEPOSIT,31,TX-#50741912817M61027038508,6405123,1628699014.44441
656,WITHDRAWAL,21,TX-#26072434027M38719326930,3600542,1628699014.456603
657,WITHDRAWAL,29,TX-#1072354487M41203108922,4018843,1628699014.468569
658,WITHDRAWAL,24,TX-#12134691948M54208663804,5347269,1628699014.480493
659,DEPOSIT,32,TX-#61043483044M5791424221,4630196,1628699014.492268
660,DEPOSIT,16,TX-#63401507498M89318519211,1556843,1628699014.504184
661,WITHDRAWAL,47,TX-#69388610243M80738137861,8101813,1628699014.516002
662,WITHDRAWAL,42,TX-#9030947105M71625561960,9612072,1628699014.527874
663,DEPOSIT,1,TX-#19748845145M3064416997,2386667,1628699014.539604
664,DEPOSIT,24,TX-#47308721920M87782150372,6883371,1628699014.55145
665,DEPOSIT,43,TX-#54580141788M38777633651,5817252,1628699014.563138
666,DEPOSIT,42,TX-#80932525077M5859533126,1494938,1628699014.574947
667,DEPOSIT,19,TX-#746355636M20391998069,1439350,1628699014.586802
668,WITHDRAWAL,31,TX-#87407377034M47226012428,4052186,1628699014.598684
669,DEPOSIT,48,TX-#6658345445M3609228441,5185846,1628699014.610478
670,WITHDRAWAL,27,TX-#80755566026M26490212650,7723768,1628699014.622233
671,WITHDRAWAL,15,TX-#56878289113M28233224192,8456839,1628699014.634162
672,WITHDRAWAL,44,TX-#64040342786M18303195783,8751403,1628699014.645865
673,WITHDRAWAL,21,TX-#89082032472M18971412081,4442661,1628699014.657716
674,WITHDRAWAL,12,TX-#68693063980M19269381513,4692083,1628699014.669375
675,DEPOSIT,12,TX-#88053219928M56938958494,2031723,1628699014.681825
676,DEPOSIT,48,TX-#88570532598M4448737106,2074992,1628699014.693807
677,DEPOSIT,11,TX-#14358420012M84187214162,8009311,1628699014.705656
678,DEPOSIT,6,TX-#11981971519M84472580350,3829327,1628699014.71812
679,WITHDRAWAL,47,TX-#88625632441M1575553284,8559150,1628699014.729961
680,DEPOSIT,35,TX-#62530205388M57710560249,3349473,1628699014.742726
681,WITHDRAWAL,4,TX-#47488076213M22125718816,4871068,1628699014.754851
682,WITHDRAWAL,23,TX-#82541885884M69645472434,7660137,1628699014.770185
683,DEPOSIT,40,TX-#17361204200M48897773836,4526839,1628699014.78297
684,WITHDRAWAL,33,TX-#28704410598M77153282484,7410675,1628699014.794937
685,DEPOSIT,45,TX-#89915923397M22176684171,4011853,1628699014.806635
686,DEPOSIT,25,TX-#84950403077M48998191824,7348476,1628699014.81865
687,WITHDRAWAL,12,TX-#63714861107M18961757246,7740800,1628699014.830477
688,WITHDRAWAL,8,TX-#77370502315M50277464476,1334577,1628699014.842223
689,WITHDRAWAL,24,TX-#33139094584M28838394098,9490713,1628699014.854029
690,DEPOSIT,20,TX-#10063848252M62491767053,4835505,1628699014.865829
691,WITHDRAWAL,29,TX-#32650579145M82377488322,5664722,1628699014.877674
692,WITHDRAWAL,42,TX-#3987826561M33469665763,8751064,1628699014.889381
693,WITHDRAWAL,25,TX-#34986345342M60380996238,2485959,1628699014.901155
694,WITHDRAWAL,21,TX-#33697362156M62245588745,8584833,1628699014.913116
695,WITHDRAWAL,44,TX-#57033553744M75401548422,2497042,1628699014.924907
696,WITHDRAWAL,22,TX-#36482130795M61188854366,2437139,1628699014.936873
697,DEPOSIT,25,TX-#51486832728M84103424480,1072174,1628699014.948676
698,WITHDRAWAL,2,TX-#35726454036M70809681205,7308001,1628699014.960336
699,DEPOSIT,50,TX-#83554038720M35526946313,3568485,1628699014.972254
700,WITHDRAWAL,36,TX-#83476686019M69680008550,7679888,1628699014.984121
701,DEPOSIT,32,TX-#38710602928M12617876357,5537273,1628699014.995865
702,WITHDRAWAL,48,TX-#72471582472M77933868451,5358602,1628699015.008466
703,WITHDRAWAL,34,TX-#17824906151M22474589543,9804457,1628699015.020681
704,WITHDRAWAL,20,TX-#59998066302M20108763072,7878554,1628699015.032636
705,WITHDRAWAL,34,TX-#86244028170M36471534295,4961058,1628699015.044354
706,WITHDRAWAL,49,TX-#60173862446M30195504038,9287342,1628699015.056398
707,DEPOSIT,5,TX-#35432492713M88655154681,5368759,1628699015.068165
708,WITHDRAWAL,4,TX-#45723556757M45191036891,7631949,1628699015.079809
709,WITHDRAWAL,12,TX-#60123644183M2684773998,9444065,1628699015.092359
710,DEPOSIT,32,TX-#44107236298M47311770997,2796187,1628699015.104394
711,DEPOSIT,48,TX-#61323790066M80147380762,3179269,1628699015.116373
712,DEPOSIT,50,TX-#34906476341M60265039761,2263474,1628699015.128135
713,DEPOSIT,45,TX-#43066232138M50131423900,3058692,1628699015.140226
714,WITHDRAWAL,31,TX-#68130472297M73707370606,9798865,1628699015.152293
715,DEPOSIT,38,TX-#19015585551M1904216636,9782831,1628699015.163973
716,DEPOSIT,4,TX-#23652721577M75470023600,1855592,1628699015.175759
717,DEPOSIT,18,TX-#69394036474M18665645311,2072517,1628699015.187667
718,WITHDRAWAL,17,TX-#88549917962M9407355500,8490174,1628699015.199286
719,DEPOSIT,36,TX-#57587232730M75592260199,9626306,1628699015.210964
720,WITHDRAWAL,6,TX-#70438417354M21325973176,8928369,1628699015.222824
721,WITHDRAWAL,16,TX-#10207795989M38304708719,7792081,1628699015.2346
722,WITHDRAWAL,22,TX-#38713479963M88133744378,7810127,1628699015.246705
723,DEPOSIT,14,TX-#84068051859M52580048153,9780452,1628699015.258406
724,WITHDRAWAL,18,TX-#54640819291M86510092565,9316906,1628699015.270276
725,WITHDRAWAL,12,TX-#78031228528M41842784396,1231618,1628699015.28203
726,WITHDRAWAL,15,TX-#85934095911M45002156750,5543512,1628699015.293902
727,DEPOSIT,23,TX-#16764244072M31480566554,3710047,1628699015.305809
728,WITHDRAWAL,41,TX-#22421167657M85755062364,7414907,1628699015.317742
729,DEPOSIT,45,TX-#71384541054M27922590388,3079454,1628699015.329495
730,DEPOSIT,49,TX-#53317184469M54082685386,7627621,1628699015.342338
731,WITHDRAWAL,3,TX-#20569265018M16001202337,7062648,1628699015.354532
732,WITHDRAWAL,22,TX-#24964622917M27362022858,5452866,1628699015.366316
733,WITHDRAWAL,45,TX-#22586458957M51556166077,2302420,1628699015.378147
734,WITHDRAWAL,7,TX-#84123762849M61960512682,7588266,1628699015.389918
735,DEPOSIT,36,TX-#32661150049M17467411141,8871568,1628699015.402006
736,DEPOSIT,2,TX-#87254350199M73745118863,8235234,1628699015.41408
737,WITHDRAWAL,25,TX-#33674437149M32495616329,3179400,1628699015.427715
738,WITHDRAWAL,49,TX-#79664974502M54419534544,8806338,1628699015.43967
739,DEPOSIT,49,TX-#52105485046M75437637403,2858913,1628699015.451843
740,WITHDRAWAL,24,TX-#58913755260M13596785851,6264022,1628699015.464072
741,WITHDRAWAL,22,TX-#41086088404M70812592417,5051851,1628699015.475788
742,DEPOSIT,27,TX-#4618137254M30354514484,1684180,1628699015.48753
743,WITHDRAWAL,13,TX-#28489191181M36184789800,1783317,1628699015.499508
744,WITHDRAWAL,42,TX-#37656613103M75626333857,8939183,1628699015.511547
745,WITHDRAWAL,15,TX-#9777706781M74506349267,3542119,1628699015.523444
746,WITHDRAWAL,47,TX-#46673672662M79181935440,8329548,1628699015.535483
747,DEPOSIT,12,TX-#58868503393M23194603677,932990,1628699015.547108
748,WITHDRAWAL,31,TX-#79647567449M7882626813,8049017,1628699015.558975
749,DEPOSIT,14,TX-#51400505071M35366727972,1604250,1628699015.570955
750,WITHDRAWAL,1,TX-#73782663681M18759433481,7382265,1628699015.582715
751,DEPOSIT,29,TX-#29378241692M17432333701,3769392,1628699015.594413
752,WITHDRAWAL,19,TX-#15929874099M83223112531,6289491,1628699015.606116
753,WITHDRAWAL,5,TX-#12025158336M53636725059,5525421,1628699015.618018
754,WITHDRAWAL,35,TX-#10932758948M11563969540,4493084,1628699015.629793
755,DEPOSIT,4,TX-#23345283591M73288437916,5348700,1628699015.641522
756,WITHDRAWAL,47,TX-#86473077345M82802976941,9943897,1628699015.653343
757,DEPOSIT,9,TX-#52327390097M32368808291,6841047,1628699015.665065
758,WITHDRAWAL,43,TX-#29824930786M27887485613,5348057,1628699015.676672
759,DEPOSIT,46,TX-#59037518128M2998810271,7394610,1628699015.689532
760,WITHDRAWAL,10,TX-#15817278721M66770417424,8172277,1628699015.701674
761,WITHDRAWAL,1,TX-#4399736143M68700849564,1578292,1628699015.713558
762,DEPOSIT,36,TX-#26262521727M73893862841,8654874,1628699015.726044
763,DEPOSIT,37,TX-#5802172534M28666460248,3409101,1628699015.73782
764,DEPOSIT,36,TX-#42243547934M63312997862,6607086,1628699015.749633
765,DEPOSIT,43,TX-#55430914459M42777295603,6946859,1628699015.761282
766,WITHDRAWAL,15,TX-#657238954M59111012495,6749889,1628699015.779254
767,WITHDRAWAL,45,TX-#3555365178M5948599275,6003509,1628699015.791419
768,DEPOSIT,47,TX-#54547496828M18550175974,8626449,1628699015.803351
769,DEPOSIT,42,TX-#32130878717M5319340569,3756541,1628699015.815255
770,WITHDRAWAL,26,TX-#87143638942M31883700239,9573298,1628699015.827381
771,DEPOSIT,13,TX-#65320006903M60102614603,6596174,1628699015.839428
772,WITHDRAWAL,42,TX-#1992021198M76727995301,6110437,1628699015.851174
773,WITHDRAWAL,28,TX-#52848090921M63001424955,2983409,1628699015.862865
774,DEPOSIT,19,TX-#84443441712M2839468058,2460108,1628699015.874778
775,WITHDRAWAL,15,TX-#35318125207M36912300338,3889516,1628699015.886753
776,WITHDRAWAL,25,TX-#34895336685M64674488180,4378729,1628699015.8987
777,WITHDRAWAL,8,TX-#21479879573M14778961491,7667713,1628699015.910529
778,WITHDRAWAL,13,TX-#11932441858M25852727570,6257312,1628699015.922249
779,WITHDRAWAL,20,TX-#41505331810M38099208427,1759490,1628699015.934076
780,DEPOSIT,25,TX-#74919098696M55728385305,2324109,1628699015.947071
781,WITHDRAWAL,22,TX-#58468172154M69466350847,3132832,1628699015.959081
782,DEPOSIT,45,TX-#36354285225M29816922580,1434346,1628699015.970901
783,DEPOSIT,33,TX-#6732872703M2751046850,8545886,1628699015.982696
784,DEPOSIT,44,TX-#3713469190M66738838732,3548520,1628699015.994548
785,DEPOSIT,1,TX-#25338909692M72508337273,8479423,1628699016.007387
786,WITHDRAWAL,30,TX-#24247368950M12600799303,8119457,1628699016.019254
787,WITHDRAWAL,32,TX-#64660108317M72038918943,9900066,1628699016.031183
788,WITHDRAWAL,21,TX-#50108239893M5324323326,2406629,1628699016.043353
789,DEPOSIT,4,TX-#73708160342M89431666317,6788102,1628699016.055368
790,WITHDRAWAL,13,TX-#29279855819M41874969550,7500323,1628699016.067195
791,DEPOSIT,11,TX-#46427913299M48421102352,9035422,1628699016.079121
792,DEPOSIT,8,TX-#5972316186M39417353031,7167625,1628699016.09091
793,WITHDRAWAL,7,TX-#65004752658M71854609396,6962848,1628699016.102904
794,DEPOSIT,8,TX-#23786257513M62911651210,7756619,1628699016.114926
795,DEPOSIT,21,TX-#57475510657M73120518061,6189792,1628699016.126692
796,DEPOSIT,41,TX-#28493710100M46360276126,4946245,1628699016.138718
797,WITHDRAWAL,39,TX-#59280202689M11126477605,8516350,1628699016.150794
798,WITHDRAWAL,37,TX-#57102520473M62666543266,5168373,1628699016.162648
799,DEPOSIT,16,TX-#29186859139M40391403854,7913661,1628699016.174295
800,DEPOSIT,27,TX-#6699519548M61896173025,836364,1628699016.186003
801,DEPOSIT,44,TX-#8283754929M81893462937,2995093,1628699016.197723
802,DEPOSIT,27,TX-#71499980082M17289452878,8569140,1628699016.209592
803,WITHDRAWAL,9,TX-#89814453829M11167443535,1723445,1628699016.221187
804,WITHDRAWAL,32,TX-#6245856618M49347092096,6184699,1628699016.233003
805,WITHDRAWAL,39,TX-#3585311799M8124950366,3920230,1628699016.244692
806,WITHDRAWAL,34,TX-#8060920554M42678983668,9436136,1628699016.256724
807,DEPOSIT,21,TX-#5725115148M33042981740,4927219,1628699016.268399
808,DEPOSIT,3,TX-#19609218338M28868261795,3365598,1628699016.280258
809,DEPOSIT,49,TX-#83652721917M51316560484,832284,1628699016.292269
810,DEPOSIT,25,TX-#89838401364M44799508935,4760089,1628699016.304304
811,WITHDRAWAL,22,TX-#7564956980M51692237095,5544134,1628699016.31606
812,WITHDRAWAL,16,TX-#38766960421M41749099500,9727784,1628699016.327812
813,WITHDRAWAL,6,TX-#59638617797M5549854669,4584326,1628699016.339582
814,DEPOSIT,38,TX-#61281540782M4030840420,3473225,1628699016.351402
815,WITHDRAWAL,20,TX-#15035083640M19616857869,6991420,1628699016.36396
816,WITHDRAWAL,36,TX-#9330961539M53993276125,7306833,1628699016.375677
817,WITHDRAWAL,46,TX-#42504524283M3924921303,6082919,1628699016.387442
818,WITHDRAWAL,14,TX-#36876560764M37621301174,8487521,1628699016.399071
819,WITHDRAWAL,41,TX-#5879274425M82997986032,1231320,1628699016.410973
820,DEPOSIT,36,TX-#53955612287M52868144579,4266366,1628699016.429048
821,DEPOSIT,36,TX-#86399367045M81692089419,4929665,1628699016.442936
822,DEPOSIT,43,TX-#6920491002M84140632493,6070905,1628699016.457053
823,WITHDRAWAL,6,TX-#32325590823M14017002173,2038179,1628699016.469132
824,WITHDRAWAL,5,TX-#88771370631M67923895574,2307763,1628699016.481065
825,WITHDRAWAL,38,TX-#5995441030M1785452876,4138047,1628699016.492791
826,WITHDRAWAL,46,TX-#41280912288M84772158777,2234644,1628699016.504618
827,WITHDRAWAL,14,TX-#42610317764M37796436139,7111055,1628699016.516341
828,WITHDRAWAL,41,TX-#57503566438M84267930118,8844435,1628699016.528487
829,WITHDRAWAL,19,TX-#79354479010M54951731979,8129131,1628699016.541043
830,WITHDRAWAL,20,TX-#76253335324M88182228522,1559467,1628699016.55323
831,DEPOSIT,3,TX-#60451158661M19742836568,9660580,1628699016.565165
832,DEPOSIT,42,TX-#21272627618M28799678956,7638188,1628699016.576859
833,WITHDRAWAL,44,TX-#36689495339M2207995980,1057542,1628699016.588819
834,WITHDRAWAL,48,TX-#21820839949M24174217673,5194820,1628699016.600772
835,DEPOSIT,20,TX-#22749019500M50089245295,2212750,1628699016.612562
836,DEPOSIT,22,TX-#56553225839M18045171543,3792882,1628699016.62434
837,WITHDRAWAL,37,TX-#87850958472M88886235070,1834795,1628699016.636279
838,WITHDRAWAL,31,TX-#38017957021M3147039523,7279411,1628699016.647966
839,WITHDRAWAL,39,TX-#75751772116M54690946672,2340921,1628699016.659856
840,WITHDRAWAL,34,TX-#87236856326M1202804073,2910250,1628699016.671757
841,WITHDRAWAL,22,TX-#80531095936M14418011056,9470158,1628699016.684222
842,WITHDRAWAL,27,TX-#35392618690M19637133290,6968767,1628699016.697267
843,DEPOSIT,23,TX-#69226871008M81448534075,2780264,1628699016.709622
844,WITHDRAWAL,20,TX-#20961735627M8698274786,9814600,1628699016.721299
845,DEPOSIT,38,TX-#46756046848M13065756083,6333791,1628699016.733062
846,WITHDRAWAL,25,TX-#34972227961M11756598298,2783308,1628699016.744974
847,WITHDRAWAL,13,TX-#39363830768M14987940693,2445277,1628699016.756701
848,WITHDRAWAL,35,TX-#37290935620M66024877504,2082128,1628699016.772085
849,DEPOSIT,24,TX-#28205102651M76645050266,3658572,1628699016.785035
850,WITHDRAWAL,16,TX-#14763589564M16757343333,2658092,1628699016.797039
851,DEPOSIT,16,TX-#49554283705M29472170950,9468129,1628699016.809078
852,DEPOSIT,40,TX-#28565568123M48863011766,9865567,1628699016.820882
853,DEPOSIT,39,TX-#46135947848M86763013952,7641904,1628699016.832643
854,WITHDRAWAL,10,TX-#67909281200M61477091691,3199373,1628699016.844297
855,WITHDRAWAL,47,TX-#7724231720M36520328639,8132117,1628699016.856433
856,DEPOSIT,47,TX-#38142600700M35681211188,7056324,1628699016.868247
857,DEPOSIT,2,TX-#16670030332M1159125632,6049052,1628699016.879939
858,DEPOSIT,50,TX-#65091240486M36682260069,4173008,1628699016.891809
859,DEPOSIT,2,TX-#24700816979M22583212637,4377722,1628699016.903858
860,DEPOSIT,45,TX-#46489793497M60299198244,3476056,1628699016.915686
861,DEPOSIT,4,TX-#78332779384M28751913048,8213097,1628699016.927491
862,WITHDRAWAL,49,TX-#71729114028M12758728841,1722702,1628699016.93951
863,DEPOSIT,41,TX-#8710665922M26769007586,1342205,1628699016.951298
864,WITHDRAWAL,39,TX-#19762206684M82504504244,9736341,1628699016.963228
865,DEPOSIT,7,TX-#45843031979M44958832466,8546893,1628699016.974962
866,DEPOSIT,18,TX-#48188711006M72249175548,4573632,1628699016.986678
867,WITHDRAWAL,21,TX-#80542264348M35114485232,4153724,1628699016.998367
868,DEPOSIT,34,TX-#1589609947M21846338529,6843220,1628699017.011367
869,DEPOSIT,18,TX-#87370519901M44977857701,1121299,1628699017.023565
870,WITHDRAWAL,44,TX-#81127634466M3252693554,9197049,1628699017.035607
871,DEPOSIT,45,TX-#74123060832M33173172761,3273611,1628699017.047798
872,DEPOSIT,25,TX-#22191668539M6267830113,1644048,1628699017.05988
873,DEPOSIT,21,TX-#28246604925M9498736205,3843256,1628699017.072005
874,DEPOSIT,21,TX-#72667975613M23090370754,7072092,1628699017.084004
875,DEPOSIT,43,TX-#46928410927M24607020645,9966392,1628699017.096228
876,WITHDRAWAL,27,TX-#57051789932M78430549380,2039727,1628699017.110158
877,WITHDRAWAL,30,TX-#18618564596M57179338586,3673709,1628699017.123361
878,WITHDRAWAL,50,TX-#78370284222M70658141710,2197396,1628699017.136255
879,DEPOSIT,29,TX-#78342796575M18736942357,8706084,1628699017.149423
880,WITHDRAWAL,2,TX-#36349329221M58382791723,3850328,1628699017.162661
881,DEPOSIT,49,TX-#33014616710M69144725563,8120374,1628699017.175558
882,DEPOSIT,12,TX-#45435793990M32742341797,1782705,1628699017.188671
883,DEPOSIT,46,TX-#58294612501M87117699205,2258981,1628699017.201298
884,WITHDRAWAL,2,TX-#79596447540M73143729855,8633345,1628699017.214444
885,DEPOSIT,26,TX-#41411473675M23642402504,8711284,1628699017.22754
886,DEPOSIT,49,TX-#11388728877M73087869035,4736794,1628699017.240752
887,DEPOSIT,27,TX-#45095755911M27711419926,900505,1628699017.253741
888,WITHDRAWAL,49,TX-#79547995245M62451037283,5198717,1628699017.266488
889,WITHDRAWAL,7,TX-#51978078228M87635609677,6129779,1628699017.279482
890,DEPOSIT,39,TX-#17596453598M10909851055,1960365,1628699017.292422
891,WITHDRAWAL,37,TX-#80465684086M45260878219,6614147,1628699017.305896
892,WITHDRAWAL,46,TX-#84077748267M32433323566,1237867,1628699017.319457
893,WITHDRAWAL,24,TX-#35856523284M38159225079,8576114,1628699017.332912
894,DEPOSIT,43,TX-#89446464995M60636659487,5434924,1628699017.345628
895,WITHDRAWAL,19,TX-#46728376960M28781422834,9429943,1628699017.358608
896,WITHDRAWAL,37,TX-#82320189277M46671624019,5333357,1628699017.37192
897,WITHDRAWAL,1,TX-#70713858659M76614315992,7390757,1628699017.385216
898,DEPOSIT,7,TX-#39143387017M22022458296,3726883,1628699017.398425
899,WITHDRAWAL,46,TX-#64658809155M25244113668,5071252,1628699017.411346
900,DEPOSIT,20,TX-#72817482292M72888716169,2442682,1628699017.424424
901,WITHDRAWAL,12,TX-#39933788744M14855590114,6883872,1628699017.437583
902,WITHDRAWAL,7,TX-#53097710652M49651628776,8207542,1628699017.45121
903,DEPOSIT,28,TX-#68348753500M67207279495,2162189,1628699017.46446
904,WITHDRAWAL,13,TX-#54550909358M60785616471,4344305,1628699017.476928
905,DEPOSIT,50,TX-#75599446534M78317390596,5881335,1628699017.490043
906,DEPOSIT,43,TX-#38738884488M67397499124,5798429,1628699017.50341
907,WITHDRAWAL,24,TX-#87297493629M50553631551,768315,1628699017.516812
908,DEPOSIT,2,TX-#67968102591M61501197877,6954029,1628699017.530769
909,WITHDRAWAL,16,TX-#12060450203M83722621513,9955645,1628699017.54331
910,WITHDRAWAL,38,TX-#55354295767M83679871928,8908192,1628699017.556543
911,WITHDRAWAL,9,TX-#22724732892M86227338426,3723045,1628699017.569463
912,DEPOSIT,19,TX-#1306871092M870571965,9314499,1628699017.582799
913,WITHDRAWAL,42,TX-#17760948892M57068303107,3817581,1628699017.595655
914,WITHDRAWAL,18,TX-#36194817632M82788963846,8960286,1628699017.608123
915,DEPOSIT,48,TX-#20579909150M7575019611,2984473,1628699017.620752
916,DEPOSIT,3,TX-#29791484647M24546734959,1845953,1628699017.634127
917,DEPOSIT,41,TX-#20488926912M88769347866,2945973,1628699017.6472
918,WITHDRAWAL,18,TX-#50264201781M46886824066,9830019,1628699017.659912
919,WITHDRAWAL,3,TX-#71369428036M26820402970,5833221,1628699017.672618
920,WITHDRAWAL,27,TX-#87884325582M2567811910,3863370,1628699017.686822
921,WITHDRAWAL,10,TX-#71452714879M76507266047,5357528,1628699017.700715
922,DEPOSIT,26,TX-#18114083077M85516000153,3320555,1628699017.714727
923,DEPOSIT,45,TX-#66468324599M3802158897,2029914,1628699017.728832
924,DEPOSIT,11,TX-#2593590245M52510585854,5700734,1628699017.741837
925,DEPOSIT,38,TX-#124329817M76065303052,2569208,1628699017.755285
926,WITHDRAWAL,26,TX-#23935599441M16627662353,4852761,1628699017.771009
927,DEPOSIT,27,TX-#35970332799M4131419879,7394351,1628699017.785068
928,DEPOSIT,20,TX-#34841243047M64973524815,7669383,1628699017.79768
929,DEPOSIT,21,TX-#83186094956M23974279283,5532805,1628699017.811692
930,DEPOSIT,24,TX-#76423661909M15094446114,7916865,1628699017.831668
931,DEPOSIT,38,TX-#14943084818M41811024697,5317496,1628699017.844884
932,DEPOSIT,35,TX-#88067262221M28448077090,1676735,1628699017.858697
933,WITHDRAWAL,27,TX-#56817040342M13575193858,9198245,1628699017.871578
934,DEPOSIT,37,TX-#52045791372M66802181909,7002193,1628699017.884878
935,WITHDRAWAL,5,TX-#41485578218M28166123467,1671876,1628699017.897411
936,DEPOSIT,28,TX-#4393985563M30061711093,4696530,1628699017.909358
937,WITHDRAWAL,24,TX-#52976621593M84700328662,5241342,1628699017.921425
938,WITHDRAWAL,11,TX-#84983489324M36636675916,5247346,1628699017.933656
939,WITHDRAWAL,26,TX-#83673765821M45726916395,2980184,1628699017.945743
940,DEPOSIT,33,TX-#36888936431M47597908118,9743729,1628699017.957459
941,WITHDRAWAL,10,TX-#55391591346M21204151621,6035470,1628699017.969272
942,DEPOSIT,29,TX-#32424296690M11182765039,936980,1628699017.981322
943,DEPOSIT,22,TX-#65673655784M56538238418,3308460,1628699017.993267
944,DEPOSIT,43,TX-#61479221920M76001923493,764003,1628699018.005177
945,DEPOSIT,16,TX-#88708688005M65662471235,4879896,1628699018.017021
946,DEPOSIT,27,TX-#63784611023M59746306446,5637678,1628699018.028869
947,DEPOSIT,42,TX-#87389068529M40133101174,6177869,1628699018.040644
948,DEPOSIT,12,TX-#17881365318M25231590939,7942364,1628699018.052633
949,DEPOSIT,15,TX-#4948217818M3999234930,9917490,1628699018.064673
950,DEPOSIT,43,TX-#69143333747M33801609322,3684613,1628699018.076318
951,WITHDRAWAL,37,TX-#68226625533M6695525896,1476329,1628699018.088353
952,DEPOSIT,3,TX-#59611162785M47539184295,6798679,1628699018.100657
953,DEPOSIT,21,TX-#50461930847M14595243667,2638756,1628699018.112726
954,DEPOSIT,47,TX-#19704783313M32200115614,4157619,1628699018.124581
955,WITHDRAWAL,4,TX-#29052410870M31925839416,8562884,1628699018.136455
956,DEPOSIT,7,TX-#69835730151M17717276044,7238580,1628699018.148102
957,DEPOSIT,17,TX-#75519155395M67957774121,1208693,1628699018.160013
958,DEPOSIT,41,TX-#64816403556M72524289657,8305271,1628699018.17164
959,WITHDRAWAL,21,TX-#35223806609M48394602966,1415260,1628699018.183293
960,WITHDRAWAL,1,TX-#11037614300M88114391964,2906258,1628699018.194938
961,WITHDRAWAL,16,TX-#27292739861M13488822856,5628659,1628699018.206751
962,WITHDRAWAL,13,TX-#81706661315M61744877601,4672181,1628699018.21863
963,WITHDRAWAL,19,TX-#5681203684M88231224773,9578314,1628699018.230271
964,WITHDRAWAL,12,TX-#53863247544M30403890271,6559460,1628699018.242247
965,WITHDRAWAL,31,TX-#25056478271M73462188976,5916228,1628699018.253958
966,WITHDRAWAL,46,TX-#40155764729M53222445876,3655019,1628699018.265904
967,DEPOSIT,28,TX-#41070944439M4404968040,6621247,1628699018.279692
968,WITHDRAWAL,34,TX-#7568175852M15132091024,6680762,1628699018.291684
969,WITHDRAWAL,18,TX-#58804259283M77157137560,2233687,1628699018.303494
970,DEPOSIT,27,TX-#69944796340M7294189184,9259813,1628699018.31554
971,DEPOSIT,30,TX-#59451510360M50768620545,7049582,1628699018.327512
972,WITHDRAWAL,9,TX-#48153726607M46279328985,9364053,1628699018.340012
973,DEPOSIT,34,TX-#3405943022M69975842223,4127553,1628699018.351942
974,WITHDRAWAL,50,TX-#83763506032M41241268072,710833,1628699018.364543
975,WITHDRAWAL,41,TX-#11563172561M4261635608,4390411,1628699018.376173
976,DEPOSIT,48,TX-#42747535439M43929896607,1940882,1628699018.388027
977,DEPOSIT,6,TX-#49270378102M36662088637,3813753,1628699018.39996
978,WITHDRAWAL,28,TX-#82863222012M59374188342,888357,1628699018.411646
979,WITHDRAWAL,14,TX-#72201375438M12587872837,1617549,1628699018.423583
980,DEPOSIT,2,TX-#37240375811M80988071781,3621773,1628699018.435257
981,DEPOSIT,22,TX-#27680727663M14442387229,7576278,1628699018.447317
982,DEPOSIT,35,TX-#20388644953M16682396880,5623584,1628699018.460694
983,WITHDRAWAL,28,TX-#39429513220M86018216601,4967867,1628699018.472759
984,WITHDRAWAL,44,TX-#40337682673M47039917818,2762199,1628699018.484618
985,DEPOSIT,41,TX-#19872390789M46708431065,719154,1628699018.496308
986,WITHDRAWAL,14,TX-#72984722011M19459181109,4860974,1628699018.508079
987,DEPOSIT,26,TX-#4554315842M11190807933,5794523,1628699018.519887
988,DEPOSIT,49,TX-#11049588723M3877778934,4297406,1628699018.531958
989,WITHDRAWAL,37,TX-#6422135479M72340133891,8088805,1628699018.543952
990,WITHDRAWAL,34,TX-#8277210842M35775751785,4758700,1628699018.555814
991,WITHDRAWAL,29,TX-#82184116580M33031616077,7427326,1628699018.567455
992,DEPOSIT,29,TX-#129906060M65371684875,9203755,1628699018.579115
993,DEPOSIT,10,TX-#39723722536M72735872205,2028779,1628699018.590803
994,WITHDRAWAL,18,TX-#23438535977M51659390135,2298484,1628699018.602585
995,WITHDRAWAL,46,TX-#44824245791M87993146004,4151390,1628699018.614287
996,DEPOSIT,8,TX-#65324496097M3859996977,9707286,1628699018.626065
997,DEPOSIT,29,TX-#84922255840M53559045991,2259791,1628699018.637809
998,WITHDRAWAL,16,TX-#56176417529M64140284628,6629043,1628699018.649452
999,WITHDRAWAL,37,TX-#84569931060M9191991039,875164,1628699018.661153
